token,token_prefix,process_id,grade,shift,expires_at
VOTO-E33492F07B,VOTO-E33492F,5,,,2026-02-18T09:02:21.436424+00:00
VOTO-3E5F90ED95,VOTO-3E5F90E,5,,,2026-02-18T09:02:21.436424+00:00
VOTO-9100799BA5,VOTO-9100799,5,,,2026-02-18T09:02:21.436424+00:00
VOTO-7CA908F9DF,VOTO-7CA908F,5,,,2026-02-18T09:02:21.436424+00:00
VOTO-0ED725C995,VOTO-0ED725C,5,,,2026-02-18T09:02:21.436424+00:00
VOTO-D4CF0D5EC8,VOTO-D4CF0D5,5,,,2026-02-18T09:02:21.436424+00:00
VOTO-899757F5B3,VOTO-899757F,5,,,2026-02-18T09:02:21.436424+00:00
VOTO-4F9A347E7D,VOTO-4F9A347,5,,,2026-02-18T09:02:21.436424+00:00
VOTO-616B5EA9DF,VOTO-616B5EA,5,,,2026-02-18T09:02:21.436424+00:00
VOTO-9B1AC6BDFB,VOTO-9B1AC6B,5,,,2026-02-18T09:02:21.436424+00:00
VOTO-FFB15A3694,VOTO-FFB15A3,5,,,2026-02-18T09:02:21.436424+00:00
VOTO-BAF332C2B6,VOTO-BAF332C,5,,,2026-02-18T09:02:21.436424+00:00
VOTO-F197FC05EA,VOTO-F197FC0,5,,,2026-02-18T09:02:21.436424+00:00
VOTO-EA06F39B00,VOTO-EA06F39,5,,,2026-02-18T09:02:21.436424+00:00
VOTO-162A6BE09D,VOTO-162A6BE,5,,,2026-02-18T09:02:21.436424+00:00
VOTO-1B9B277418,VOTO-1B9B277,5,,,2026-02-18T09:02:21.436424+00:00
VOTO-706CAF0627,VOTO-706CAF0,5,,,2026-02-18T09:02:21.436424+00:00
VOTO-C25257F40A,VOTO-C25257F,5,,,2026-02-18T09:02:21.436424+00:00
VOTO-8A4D6BA3A8,VOTO-8A4D6BA,5,,,2026-02-18T09:02:21.436424+00:00
VOTO-59F24CEF65,VOTO-59F24CE,5,,,2026-02-18T09:02:21.436424+00:00
VOTO-71FF61656F,VOTO-71FF616,5,,,2026-02-18T09:02:21.436424+00:00
VOTO-2AEB61EDCD,VOTO-2AEB61E,5,,,2026-02-18T09:02:21.436424+00:00
VOTO-41931FE9CE,VOTO-41931FE,5,,,2026-02-18T09:02:21.436424+00:00
VOTO-7E00A81DBF,VOTO-7E00A81,5,,,2026-02-18T09:02:21.436424+00:00
VOTO-4F2CAD6664,VOTO-4F2CAD6,5,,,2026-02-18T09:02:21.436424+00:00
